customer_id,store_id,first_name,last_name,email,address_id,active_bool,create_date,last_update,active
524,1.0,Jared,Ely,jared.ely@sakilacustomer.org,530.0,t,2006-02-14,2013-05-26 14:49:45.738,1.0
1,1.0,Mary,Smith,mary.smith@sakilacustomer.org,5.0,t,2006-02-14,2013-05-26 14:49:45.738,1.0
2,1.0,Patricia,Johnson,patricia.johnson@sakilacustomer.org,6.0,t,2006-02-14,2013-05-26 14:49:45.738,1.0
3,1.0,Linda,Williams,linda.williams@sakilacustomer.org,7.0,t,2006-02-14,2013-05-26 14:49:45.738,1.0
4,2.0,Barbara,Jones,barbara.jones@sakilacustomer.org,8.0,t,2006-02-14,2013-05-26 14:49:45.738,1.0
5,1.0,Elizabeth,Brown,elizabeth.brown@sakilacustomer.org,9.0,t,2006-02-14,2013-05-26 14:49:45.738,1.0
6,2.0,Jennifer,Davis,jennifer.davis@sakilacustomer.org,10.0,t,2006-02-14,2013-05-26 14:49:45.738,1.0
7,1.0,Maria,Miller,maria.miller@sakilacustomer.org,11.0,t,2006-02-14,2013-05-26 14:49:45.738,1.0
8,2.0,Susan,Wilson,susan.wilson@sakilacustomer.org,12.0,t,2006-02-14,2013-05-26 14:49:45.738,1.0
9,2.0,Margaret,Moore,margaret.moore@sakilacustomer.org,13.0,t,2006-02-14,2013-05-26 14:49:45.738,1.0
10,1.0,Dorothy,Taylor,dorothy.taylor@sakilacustomer.org,14.0,t,2006-02-14,2013-05-26 14:49:45.738,1.0
11,2.0,Lisa,Anderson,lisa.anderson@sakilacustomer.org,15.0,t,2006-02-14,2013-05-26 14:49:45.738,1.0
12,1.0,Nancy,Thomas,nancy.thomas@sakilacustomer.org,16.0,t,2006-02-14,2013-05-26 14:49:45.738,1.0
13,2.0,Karen,Jackson,karen.jackson@sakilacustomer.org,17.0,t,2006-02-14,2013-05-26 14:49:45.738,1.0
14,2.0,Betty,White,betty.white@sakilacustomer.org,18.0,t,2006-02-14,2013-05-26 14:49:45.738,1.0
15,1.0,Helen,Harris,helen.harris@sakilacustomer.org,19.0,t,2006-02-14,2013-05-26 14:49:45.738,1.0
16,2.0,Sandra,Martin,sandra.martin@sakilacustomer.org,20.0,t,2006-02-14,2013-05-26 14:49:45.738,0.0
17,1.0,Donna,Thompson,donna.thompson@sakilacustomer.org,21.0,t,2006-02-14,2013-05-26 14:49:45.738,1.0
18,2.0,Carol,Garcia,carol.garcia@sakilacustomer.org,22.0,t,2006-02-14,2013-05-26 14:49:45.738,1.0
19,1.0,Ruth,Martinez,ruth.martinez@sakilacustomer.org,23.0,t,2006-02-14,2013-05-26 14:49:45.738,1.0
20,2.0,Sharon,Robinson,sharon.robinson@sakilacustomer.org,24.0,t,2006-02-14,2013-05-26 14:49:45.738,1.0
21,1.0,Michelle,Clark,michelle.clark@sakilacustomer.org,25.0,t,2006-02-14,2013-05-26 14:49:45.738,1.0
22,1.0,Laura,Rodriguez,laura.rodriguez@sakilacustomer.org,26.0,t,2006-02-14,2013-05-26 14:49:45.738,1.0
23,2.0,Sarah,Lewis,sarah.lewis@sakilacustomer.org,27.0,t,2006-02-14,2013-05-26 14:49:45.738,1.0
24,2.0,Kimberly,Lee,kimberly.lee@sakilacustomer.org,28.0,t,2006-02-14,2013-05-26 14:49:45.738,1.0
25,1.0,Deborah,Walker,deborah.walker@sakilacustomer.org,29.0,t,2006-02-14,2013-05-26 14:49:45.738,1.0
26,2.0,Jessica,Hall,jessica.hall@sakilacustomer.org,30.0,t,2006-02-14,2013-05-26 14:49:45.738,1.0
27,2.0,Shirley,Allen,shirley.allen@sakilacustomer.org,31.0,t,2006-02-14,2013-05-26 14:49:45.738,1.0
28,1.0,Cynthia,Young,cynthia.young@sakilacustomer.org,32.0,t,2006-02-14,2013-05-26 14:49:45.738,1.0
29,2.0,Angela,Hernandez,angela.hernandez@sakilacustomer.org,33.0,t,2006-02-14,2013-05-26 14:49:45.738,1.0
30,1.0,Melissa,King,melissa.king@sakilacustomer.org,34.0,t,2006-02-14,2013-05-26 14:49:45.738,1.0
31,2.0,Brenda,Wright,brenda.wright@sakilacustomer.org,35.0,t,2006-02-14,2013-05-26 14:49:45.738,1.0
32,1.0,Amy,Lopez,amy.lopez@sakilacustomer.org,36.0,t,2006-02-14,2013-05-26 14:49:45.738,1.0
33,2.0,Anna,Hill,anna.hill@sakilacustomer.org,37.0,t,2006-02-14,2013-05-26 14:49:45.738,1.0
34,2.0,Rebecca,Scott,rebecca.scott@sakilacustomer.org,38.0,t,2006-02-14,2013-05-26 14:49:45.738,1.0
35,2.0,Virginia,Green,virginia.green@sakilacustomer.org,39.0,t,2006-02-14,2013-05-26 14:49:45.738,1.0
36,2.0,Kathleen,Adams,kathleen.adams@sakilacustomer.org,40.0,t,2006-02-14,2013-05-26 14:49:45.738,1.0
37,1.0,Pamela,Baker,pamela.baker@sakilacustomer.org,41.0,t,2006-02-14,2013-05-26 14:49:45.738,1.0
38,1.0,Martha,Gonzalez,martha.gonzalez@sakilacustomer.org,42.0,t,2006-02-14,2013-05-26 14:49:45.738,1.0
39,1.0,Debra,Nelson,debra.nelson@sakilacustomer.org,43.0,t,2006-02-14,2013-05-26 14:49:45.738,1.0
40,2.0,Amanda,Carter,amanda.carter@sakilacustomer.org,44.0,t,2006-02-14,2013-05-26 14:49:45.738,1.0
41,1.0,Stephanie,Mitchell,stephanie.mitchell@sakilacustomer.org,45.0,t,2006-02-14,2013-05-26 14:49:45.738,1.0
42,2.0,Carolyn,Perez,carolyn.perez@sakilacustomer.org,46.0,t,2006-02-14,2013-05-26 14:49:45.738,1.0
43,2.0,Christine,Roberts,christine.roberts@sakilacustomer.org,47.0,t,2006-02-14,2013-05-26 14:49:45.738,1.0
44,1.0,Marie,Turner,marie.turner@sakilacustomer.org,48.0,t,2006-02-14,2013-05-26 14:49:45.738,1.0
45,1.0,Janet,Phillips,janet.phillips@sakilacustomer.org,49.0,t,2006-02-14,2013-05-26 14:49:45.738,1.0
46,2.0,Catherine,Campbell,catherine.campbell@sakilacustomer.org,50.0,t,2006-02-14,2013-05-26 14:49:45.738,1.0
47,1.0,Frances,Parker,frances.parker@sakilacustomer.org,51.0,t,2006-02-14,2013-05-26 14:49:45.738,1.0
48,1.0,Ann,Evans,ann.evans@sakilacustomer.org,52.0,t,2006-02-14,2013-05-26 14:49:45.738,1.0
49,2.0,Joyce,Edwards,joyce.edwards@sakilacustomer.org,53.0,t,2006-02-14,2013-05-26 14:49:45.738,1.0
50,1.0,Diane,Collins,diane.collins@sakilacustomer.org,54.0,t,2006-02-14,2013-05-26 14:49:45.738,1.0
51,1.0,Alice,Stewart,alice.stewart@sakilacustomer.org,55.0,t,2006-02-14,2013-05-26 14:49:45.738,1.0
52,1.0,Julie,Sanchez,julie.sanchez@sakilacustomer.org,56.0,t,2006-02-14,2013-05-26 14:49:45.738,1.0
53,1.0,Heather,Morris,heather.morris@sakilacustomer.org,57.0,t,2006-02-14,2013-05-26 14:49:45.738,1.0
54,1.0,Teresa,Rogers,teresa.rogers@sakilacustomer.org,58.0,t,2006-02-14,2013-05-26 14:49:45.738,1.0
55,2.0,Doris,Reed,doris.reed@sakilacustomer.org,59.0,t,2006-02-14,2013-05-26 14:49:45.738,1.0
56,1.0,Gloria,Cook,gloria.cook@sakilacustomer.org,60.0,t,2006-02-14,2013-05-26 14:49:45.738,1.0
57,2.0,Evelyn,Morgan,evelyn.morgan@sakilacustomer.org,61.0,t,2006-02-14,2013-05-26 14:49:45.738,1.0
58,1.0,Jean,Bell,jean.bell@sakilacustomer.org,62.0,t,2006-02-14,2013-05-26 14:49:45.738,1.0
59,1.0,Cheryl,Murphy,cheryl.murphy@sakilacustomer.org,63.0,t,2006-02-14,2013-05-26 14:49:45.738,1.0
60,1.0,Mildred,Bailey,mildred.bailey@sakilacustomer.org,64.0,t,2006-02-14,2013-05-26 14:49:45.738,1.0
61,2.0,Katherine,Rivera,katherine.rivera@sakilacustomer.org,65.0,t,2006-02-14,2013-05-26 14:49:45.738,1.0
62,1.0,Joan,Cooper,joan.cooper@sakilacustomer.org,66.0,t,2006-02-14,2013-05-26 14:49:45.738,1.0
63,1.0,Ashley,Richardson,ashley.richardson@sakilacustomer.org,67.0,t,2006-02-14,2013-05-26 14:49:45.738,1.0
64,2.0,Judith,Cox,judith.cox@sakilacustomer.org,68.0,t,2006-02-14,2013-05-26 14:49:45.738,0.0
65,2.0,Rose,Howard,rose.howard@sakilacustomer.org,69.0,t,2006-02-14,2013-05-26 14:49:45.738,1.0
66,2.0,Janice,Ward,janice.ward@sakilacustomer.org,70.0,t,2006-02-14,2013-05-26 14:49:45.738,1.0
67,1.0,Kelly,Torres,kelly.torres@sakilacustomer.org,71.0,t,2006-02-14,2013-05-26 14:49:45.738,1.0
68,1.0,Nicole,Peterson,nicole.peterson@sakilacustomer.org,72.0,t,2006-02-14,2013-05-26 14:49:45.738,1.0
69,2.0,Judy,Gray,judy.gray@sakilacustomer.org,73.0,t,2006-02-14,2013-05-26 14:49:45.738,1.0
70,2.0,Christina,Ramirez,christina.ramirez@sakilacustomer.org,74.0,t,2006-02-14,2013-05-26 14:49:45.738,1.0
71,1.0,Kathy,James,kathy.james@sakilacustomer.org,75.0,t,2006-02-14,2013-05-26 14:49:45.738,1.0
72,2.0,Theresa,Watson,theresa.watson@sakilacustomer.org,76.0,t,2006-02-14,2013-05-26 14:49:45.738,1.0
73,2.0,Beverly,Brooks,beverly.brooks@sakilacustomer.org,77.0,t,2006-02-14,2013-05-26 14:49:45.738,1.0
74,1.0,Denise,Kelly,denise.kelly@sakilacustomer.org,78.0,t,2006-02-14,2013-05-26 14:49:45.738,1.0
75,2.0,Tammy,Sanders,tammy.sanders@sakilacustomer.org,79.0,t,2006-02-14,2013-05-26 14:49:45.738,1.0
76,2.0,Irene,Price,irene.price@sakilacustomer.org,80.0,t,2006-02-14,2013-05-26 14:49:45.738,1.0
77,2.0,Jane,Bennett,jane.bennett@sakilacustomer.org,81.0,t,2006-02-14,2013-05-26 14:49:45.738,1.0
78,1.0,Lori,Wood,lori.wood@sakilacustomer.org,82.0,t,2006-02-14,2013-05-26 14:49:45.738,1.0
79,1.0,Rachel,Barnes,rachel.barnes@sakilacustomer.org,83.0,t,2006-02-14,2013-05-26 14:49:45.738,1.0
80,1.0,Marilyn,Ross,marilyn.ross@sakilacustomer.org,84.0,t,2006-02-14,2013-05-26 14:49:45.738,1.0
81,1.0,Andrea,Henderson,andrea.henderson@sakilacustomer.org,85.0,t,2006-02-14,2013-05-26 14:49:45.738,1.0
82,1.0,Kathryn,Coleman,kathryn.coleman@sakilacustomer.org,86.0,t,2006-02-14,2013-05-26 14:49:45.738,1.0
83,1.0,Louise,Jenkins,louise.jenkins@sakilacustomer.org,87.0,t,2006-02-14,2013-05-26 14:49:45.738,1.0
84,2.0,Sara,Perry,sara.perry@sakilacustomer.org,88.0,t,2006-02-14,2013-05-26 14:49:45.738,1.0
85,2.0,Anne,Powell,anne.powell@sakilacustomer.org,89.0,t,2006-02-14,2013-05-26 14:49:45.738,1.0
86,2.0,Jacqueline,Long,jacqueline.long@sakilacustomer.org,90.0,t,2006-02-14,2013-05-26 14:49:45.738,1.0
87,1.0,Wanda,Patterson,wanda.patterson@sakilacustomer.org,91.0,t,2006-02-14,2013-05-26 14:49:45.738,1.0
88,2.0,Bonnie,Hughes,bonnie.hughes@sakilacustomer.org,92.0,t,2006-02-14,2013-05-26 14:49:45.738,1.0
89,1.0,Julia,Flores,julia.flores@sakilacustomer.org,93.0,t,2006-02-14,2013-05-26 14:49:45.738,1.0
90,2.0,Ruby,Washington,ruby.washington@sakilacustomer.org,94.0,t,2006-02-14,2013-05-26 14:49:45.738,1.0
91,2.0,Lois,Butler,lois.butler@sakilacustomer.org,95.0,t,2006-02-14,2013-05-26 14:49:45.738,1.0
92,2.0,Tina,Simmons,tina.simmons@sakilacustomer.org,96.0,t,2006-02-14,2013-05-26 14:49:45.738,1.0
93,1.0,Phyllis,Foster,phyllis.foster@sakilacustomer.org,97.0,t,2006-02-14,2013-05-26 14:49:45.738,1.0
94,1.0,Norma,Gonzales,norma.gonzales@sakilacustomer.org,98.0,t,2006-02-14,2013-05-26 14:49:45.738,1.0
95,2.0,Paula,Bryant,paula.bryant@sakilacustomer.org,99.0,t,2006-02-14,2013-05-26 14:49:45.738,1.0
96,1.0,Diana,Alexander,diana.alexander@sakilacustomer.org,100.0,t,2006-02-14,2013-05-26 14:49:45.738,1.0
97,2.0,Annie,Russell,annie.russell@sakilacustomer.org,101.0,t,2006-02-14,2013-05-26 14:49:45.738,1.0
98,1.0,Lillian,Griffin,lillian.griffin@sakilacustomer.org,102.0,t,2006-02-14,2013-05-26 14:49:45.738,1.0
99,2.0,Emily,Diaz,emily.diaz@sakilacustomer.org,103.0,t,2006-02-14,2013-05-26 14:49:45.738,1.0
100,1.0,Robin,Hayes,robin.hayes@sakilacustomer.org,104.0,t,2006-02-14,2013-05-26 14:49:45.738,1.0
101,1.0,Peggy,Myers,peggy.myers@sakilacustomer.org,105.0,t,2006-02-14,2013-05-26 14:49:45.738,1.0
102,1.0,Crystal,Ford,crystal.ford@sakilacustomer.org,106.0,t,2006-02-14,2013-05-26 14:49:45.738,1.0
103,1.0,Gladys,Hamilton,gladys.hamilton@sakilacustomer.org,107.0,t,2006-02-14,2013-05-26 14:49:45.738,1.0
104,1.0,Rita,Graham,rita.graham@sakilacustomer.org,108.0,t,2006-02-14,2013-05-26 14:49:45.738,1.0
105,1.0,Dawn,Sullivan,dawn.sullivan@sakilacustomer.org,109.0,t,2006-02-14,2013-05-26 14:49:45.738,1.0
106,1.0,Connie,Wallace,connie.wallace@sakilacustomer.org,110.0,t,2006-02-14,2013-05-26 14:49:45.738,1.0
107,1.0,Florence,Woods,florence.woods@sakilacustomer.org,111.0,t,2006-02-14,2013-05-26 14:49:45.738,1.0
108,1.0,Tracy,Cole,tracy.cole@sakilacustomer.org,112.0,t,2006-02-14,2013-05-26 14:49:45.738,1.0
109,2.0,Edna,West,edna.west@sakilacustomer.org,113.0,t,2006-02-14,2013-05-26 14:49:45.738,1.0
110,2.0,Tiffany,Jordan,tiffany.jordan@sakilacustomer.org,114.0,t,2006-02-14,2013-05-26 14:49:45.738,1.0
111,1.0,Carmen,Owens,carmen.owens@sakilacustomer.org,115.0,t,2006-02-14,2013-05-26 14:49:45.738,1.0
112,2.0,Rosa,Reynolds,rosa.reynolds@sakilacustomer.org,116.0,t,2006-02-14,2013-05-26 14:49:45.738,1.0
113,2.0,Cindy,Fisher,cindy.fisher@sakilacustomer.org,117.0,t,2006-02-14,2013-05-26 14:49:45.738,1.0
114,2.0,Grace,Ellis,grace.ellis@sakilacustomer.org,118.0,t,2006-02-14,2013-05-26 14:49:45.738,1.0
115,1.0,Wendy,Harrison,wendy.harrison@sakilacustomer.org,119.0,t,2006-02-14,2013-05-26 14:49:45.738,1.0
116,1.0,Victoria,Gibson,victoria.gibson@sakilacustomer.org,120.0,t,2006-02-14,2013-05-26 14:49:45.738,1.0
117,1.0,Edith,Mcdonald,edith.mcdonald@sakilacustomer.org,121.0,t,2006-02-14,2013-05-26 14:49:45.738,1.0
118,1.0,Kim,Cruz,kim.cruz@sakilacustomer.org,122.0,t,2006-02-14,2013-05-26 14:49:45.738,1.0
119,1.0,Sherry,Marshall,sherry.marshall@sakilacustomer.org,123.0,t,2006-02-14,2013-05-26 14:49:45.738,1.0
120,2.0,Sylvia,Ortiz,sylvia.ortiz@sakilacustomer.org,124.0,t,2006-02-14,2013-05-26 14:49:45.738,1.0
121,1.0,Josephine,Gomez,josephine.gomez@sakilacustomer.org,125.0,t,2006-02-14,2013-05-26 14:49:45.738,1.0
122,1.0,Thelma,Murray,thelma.murray@sakilacustomer.org,126.0,t,2006-02-14,2013-05-26 14:49:45.738,1.0
123,2.0,Shannon,Freeman,shannon.freeman@sakilacustomer.org,127.0,t,2006-02-14,2013-05-26 14:49:45.738,1.0
124,1.0,Sheila,Wells,sheila.wells@sakilacustomer.org,128.0,t,2006-02-14,2013-05-26 14:49:45.738,0.0
125,1.0,Ethel,Webb,ethel.webb@sakilacustomer.org,129.0,t,2006-02-14,2013-05-26 14:49:45.738,1.0
126,1.0,Ellen,Simpson,ellen.simpson@sakilacustomer.org,130.0,t,2006-02-14,2013-05-26 14:49:45.738,1.0
127,2.0,Elaine,Stevens,elaine.stevens@sakilacustomer.org,131.0,t,2006-02-14,2013-05-26 14:49:45.738,1.0
128,1.0,Marjorie,Tucker,marjorie.tucker@sakilacustomer.org,132.0,t,2006-02-14,2013-05-26 14:49:45.738,1.0
129,1.0,Carrie,Porter,carrie.porter@sakilacustomer.org,133.0,t,2006-02-14,2013-05-26 14:49:45.738,1.0
130,1.0,Charlotte,Hunter,charlotte.hunter@sakilacustomer.org,134.0,t,2006-02-14,2013-05-26 14:49:45.738,1.0
131,2.0,Monica,Hicks,monica.hicks@sakilacustomer.org,135.0,t,2006-02-14,2013-05-26 14:49:45.738,1.0
132,2.0,Esther,Crawford,esther.crawford@sakilacustomer.org,136.0,t,2006-02-14,2013-05-26 14:49:45.738,1.0
133,1.0,Pauline,Henry,pauline.henry@sakilacustomer.org,137.0,t,2006-02-14,2013-05-26 14:49:45.738,1.0
134,1.0,Emma,Boyd,emma.boyd@sakilacustomer.org,138.0,t,2006-02-14,2013-05-26 14:49:45.738,1.0
135,2.0,Juanita,Mason,juanita.mason@sakilacustomer.org,139.0,t,2006-02-14,2013-05-26 14:49:45.738,1.0
136,2.0,Anita,Morales,anita.morales@sakilacustomer.org,140.0,t,2006-02-14,2013-05-26 14:49:45.738,1.0
137,2.0,Rhonda,Kennedy,rhonda.kennedy@sakilacustomer.org,141.0,t,2006-02-14,2013-05-26 14:49:45.738,1.0
138,1.0,Hazel,Warren,hazel.warren@sakilacustomer.org,142.0,t,2006-02-14,2013-05-26 14:49:45.738,1.0
139,1.0,Amber,Dixon,amber.dixon@sakilacustomer.org,143.0,t,2006-02-14,2013-05-26 14:49:45.738,1.0
140,1.0,Eva,Ramos,eva.ramos@sakilacustomer.org,144.0,t,2006-02-14,2013-05-26 14:49:45.738,1.0
141,1.0,Debbie,Reyes,debbie.reyes@sakilacustomer.org,145.0,t,2006-02-14,2013-05-26 14:49:45.738,1.0
142,1.0,April,Burns,april.burns@sakilacustomer.org,146.0,t,2006-02-14,2013-05-26 14:49:45.738,1.0
143,1.0,Leslie,Gordon,leslie.gordon@sakilacustomer.org,147.0,t,2006-02-14,2013-05-26 14:49:45.738,1.0
144,1.0,Clara,Shaw,clara.shaw@sakilacustomer.org,148.0,t,2006-02-14,2013-05-26 14:49:45.738,1.0
145,1.0,Lucille,Holmes,lucille.holmes@sakilacustomer.org,149.0,t,2006-02-14,2013-05-26 14:49:45.738,1.0
146,1.0,Jamie,Rice,jamie.rice@sakilacustomer.org,150.0,t,2006-02-14,2013-05-26 14:49:45.738,1.0
147,2.0,Joanne,Robertson,joanne.robertson@sakilacustomer.org,151.0,t,2006-02-14,2013-05-26 14:49:45.738,1.0
148,1.0,Eleanor,Hunt,eleanor.hunt@sakilacustomer.org,152.0,t,2006-02-14,2013-05-26 14:49:45.738,1.0
149,1.0,Valerie,Black,valerie.black@sakilacustomer.org,153.0,t,2006-02-14,2013-05-26 14:49:45.738,1.0
150,2.0,Danielle,Daniels,danielle.daniels@sakilacustomer.org,154.0,t,2006-02-14,2013-05-26 14:49:45.738,1.0
151,2.0,Megan,Palmer,megan.palmer@sakilacustomer.org,155.0,t,2006-02-14,2013-05-26 14:49:45.738,1.0
152,1.0,Alicia,Mills,alicia.mills@sakilacustomer.org,156.0,t,2006-02-14,2013-05-26 14:49:45.738,1.0
153,2.0,Suzanne,Nichols,suzanne.nichols@sakilacustomer.org,157.0,t,2006-02-14,2013-05-26 14:49:45.738,1.0
154,2.0,Michele,Grant,michele.grant@sakilacustomer.org,158.0,t,2006-02-14,2013-05-26 14:49:45.738,1.0
155,1.0,Gail,Knight,gail.knight@sakilacustomer.org,159.0,t,2006-02-14,2013-05-26 14:49:45.738,1.0
156,1.0,Bertha,Ferguson,bertha.ferguson@sakilacustomer.org,160.0,t,2006-02-14,2013-05-26 14:49:45.738,1.0
157,2.0,Darlene,Rose,darlene.rose@sakilacustomer.org,161.0,t,2006-02-14,2013-05-26 14:49:45.738,1.0
158,1.0,Veronica,Stone,veronica.stone@sakilacustomer.org,162.0,t,2006-02-14,2013-05-26 14:49:45.738,1.0
159,1.0,Jill,Hawkins,jill.hawkins@sakilacustomer.org,163.0,t,2006-02-14,2013-05-26 14:49:45.738,1.0
160,2.0,Erin,Dunn,erin.dunn@sakilacustomer.org,164.0,t,2006-02-14,2013-05-26 14:49:45.738,1.0
161,1.0,Geraldine,Perkins,geraldine.perkins@sakilacustomer.org,165.0,t,2006-02-14,2013-05-26 14:49:45.738,1.0
162,2.0,Lauren,Hudson,lauren.hudson@sakilacustomer.org,166.0,t,2006-02-14,2013-05-26 14:49:45.738,1.0
163,1.0,Cathy,Spencer,cathy.spencer@sakilacustomer.org,167.0,t,2006-02-14,2013-05-26 14:49:45.738,1.0
164,2.0,Joann,Gardner,joann.gardner@sakilacustomer.org,168.0,t,2006-02-14,2013-05-26 14:49:45.738,1.0
165,2.0,Lorraine,Stephens,lorraine.stephens@sakilacustomer.org,169.0,t,2006-02-14,2013-05-26 14:49:45.738,1.0
166,1.0,Lynn,Payne,lynn.payne@sakilacustomer.org,170.0,t,2006-02-14,2013-05-26 14:49:45.738,1.0
167,2.0,Sally,Pierce,sally.pierce@sakilacustomer.org,171.0,t,2006-02-14,2013-05-26 14:49:45.738,1.0
168,1.0,Regina,Berry,regina.berry@sakilacustomer.org,172.0,t,2006-02-14,2013-05-26 14:49:45.738,1.0
169,2.0,Erica,Matthews,erica.matthews@sakilacustomer.org,173.0,t,2006-02-14,2013-05-26 14:49:45.738,0.0
170,1.0,Beatrice,Arnold,beatrice.arnold@sakilacustomer.org,174.0,t,2006-02-14,2013-05-26 14:49:45.738,1.0
171,2.0,Dolores,Wagner,dolores.wagner@sakilacustomer.org,175.0,t,2006-02-14,2013-05-26 14:49:45.738,1.0
172,1.0,Bernice,Willis,bernice.willis@sakilacustomer.org,176.0,t,2006-02-14,2013-05-26 14:49:45.738,1.0
173,1.0,Audrey,Ray,audrey.ray@sakilacustomer.org,177.0,t,2006-02-14,2013-05-26 14:49:45.738,1.0
174,2.0,Yvonne,Watkins,yvonne.watkins@sakilacustomer.org,178.0,t,2006-02-14,2013-05-26 14:49:45.738,1.0
175,1.0,Annette,Olson,annette.olson@sakilacustomer.org,179.0,t,2006-02-14,2013-05-26 14:49:45.738,1.0
176,1.0,June,Carroll,june.carroll@sakilacustomer.org,180.0,t,2006-02-14,2013-05-26 14:49:45.738,1.0
177,2.0,Samantha,Duncan,samantha.duncan@sakilacustomer.org,181.0,t,2006-02-14,2013-05-26 14:49:45.738,1.0
178,2.0,Marion,Snyder,marion.snyder@sakilacustomer.org,182.0,t,2006-02-14,2013-05-26 14:49:45.738,1.0
179,1.0,Dana,Hart,dana.hart@sakilacustomer.org,183.0,t,2006-02-14,2013-05-26 14:49:45.738,1.0
180,2.0,Stacy,Cunningham,stacy.cunningham@sakilacustomer.org,184.0,t,2006-02-14,2013-05-26 14:49:45.738,1.0
181,2.0,Ana,Bradley,ana.bradley@sakilacustomer.org,185.0,t,2006-02-14,2013-05-26 14:49:45.738,1.0
182,1.0,Renee,Lane,renee.lane@sakilacustomer.org,186.0,t,2006-02-14,2013-05-26 14:49:45.738,1.0
183,2.0,Ida,Andrews,ida.andrews@sakilacustomer.org,187.0,t,2006-02-14,2013-05-26 14:49:45.738,1.0
184,1.0,Vivian,Ruiz,vivian.ruiz@sakilacustomer.org,188.0,t,2006-02-14,2013-05-26 14:49:45.738,1.0
185,1.0,Roberta,Harper,roberta.harper@sakilacustomer.org,189.0,t,2006-02-14,2013-05-26 14:49:45.738,1.0
186,2.0,Holly,Fox,holly.fox@sakilacustomer.org,190.0,t,2006-02-14,2013-05-26 14:49:45.738,1.0
187,2.0,Brittany,Riley,brittany.riley@sakilacustomer.org,191.0,t,2006-02-14,2013-05-26 14:49:45.738,1.0
188,1.0,Melanie,Armstrong,melanie.armstrong@sakilacustomer.org,192.0,t,2006-02-14,2013-05-26 14:49:45.738,1.0
189,1.0,Loretta,Carpenter,loretta.carpenter@sakilacustomer.org,193.0,t,2006-02-14,2013-05-26 14:49:45.738,1.0
190,2.0,Yolanda,Weaver,yolanda.weaver@sakilacustomer.org,194.0,t,2006-02-14,2013-05-26 14:49:45.738,1.0
191,1.0,Jeanette,Greene,jeanette.greene@sakilacustomer.org,195.0,t,2006-02-14,2013-05-26 14:49:45.738,1.0
192,1.0,Laurie,Lawrence,laurie.lawrence@sakilacustomer.org,196.0,t,2006-02-14,2013-05-26 14:49:45.738,1.0
193,2.0,Katie,Elliott,katie.elliott@sakilacustomer.org,197.0,t,2006-02-14,2013-05-26 14:49:45.738,1.0
194,2.0,Kristen,Chavez,kristen.chavez@sakilacustomer.org,198.0,t,2006-02-14,2013-05-26 14:49:45.738,1.0
195,1.0,Vanessa,Sims,vanessa.sims@sakilacustomer.org,199.0,t,2006-02-14,2013-05-26 14:49:45.738,1.0
196,1.0,Alma,Austin,alma.austin@sakilacustomer.org,200.0,t,2006-02-14,2013-05-26 14:49:45.738,1.0
197,2.0,Sue,Peters,sue.peters@sakilacustomer.org,201.0,t,2006-02-14,2013-05-26 14:49:45.738,1.0
198,2.0,Elsie,Kelley,elsie.kelley@sakilacustomer.org,202.0,t,2006-02-14,2013-05-26 14:49:45.738,1.0
199,2.0,Beth,Franklin,beth.franklin@sakilacustomer.org,203.0,t,2006-02-14,2013-05-26 14:49:45.738,1.0
200,2.0,Jeanne,Lawson,jeanne.lawson@sakilacustomer.org,204.0,t,2006-02-14,2013-05-26 14:49:45.738,1.0
201,1.0,Vicki,Fields,vicki.fields@sakilacustomer.org,205.0,t,2006-02-14,2013-05-26 14:49:45.738,1.0
202,2.0,Carla,Gutierrez,carla.gutierrez@sakilacustomer.org,206.0,t,2006-02-14,2013-05-26 14:49:45.738,1.0
203,1.0,Tara,Ryan,tara.ryan@sakilacustomer.org,207.0,t,2006-02-14,2013-05-26 14:49:45.738,1.0
204,1.0,Rosemary,Schmidt,rosemary.schmidt@sakilacustomer.org,208.0,t,2006-02-14,2013-05-26 14:49:45.738,1.0
205,2.0,Eileen,Carr,eileen.carr@sakilacustomer.org,209.0,t,2006-02-14,2013-05-26 14:49:45.738,1.0
206,1.0,Terri,Vasquez,terri.vasquez@sakilacustomer.org,210.0,t,2006-02-14,2013-05-26 14:49:45.738,1.0
207,1.0,Gertrude,Castillo,gertrude.castillo@sakilacustomer.org,211.0,t,2006-02-14,2013-05-26 14:49:45.738,1.0
208,1.0,Lucy,Wheeler,lucy.wheeler@sakilacustomer.org,212.0,t,2006-02-14,2013-05-26 14:49:45.738,1.0
209,2.0,Tonya,Chapman,tonya.chapman@sakilacustomer.org,213.0,t,2006-02-14,2013-05-26 14:49:45.738,1.0
210,2.0,Ella,Oliver,ella.oliver@sakilacustomer.org,214.0,t,2006-02-14,2013-05-26 14:49:45.738,1.0
211,1.0,Stacey,Montgomery,stacey.montgomery@sakilacustomer.org,215.0,t,2006-02-14,2013-05-26 14:49:45.738,1.0
212,2.0,Wilma,Richards,wilma.richards@sakilacustomer.org,216.0,t,2006-02-14,2013-05-26 14:49:45.738,1.0
213,1.0,Gina,Williamson,gina.williamson@sakilacustomer.org,217.0,t,2006-02-14,2013-05-26 14:49:45.738,1.0
214,1.0,Kristin,Johnston,kristin.johnston@sakilacustomer.org,218.0,t,2006-02-14,2013-05-26 14:49:45.738,1.0
215,2.0,Jessie,Banks,jessie.banks@sakilacustomer.org,219.0,t,2006-02-14,2013-05-26 14:49:45.738,1.0
216,1.0,Natalie,Meyer,natalie.meyer@sakilacustomer.org,220.0,t,2006-02-14,2013-05-26 14:49:45.738,1.0
217,2.0,Agnes,Bishop,agnes.bishop@sakilacustomer.org,221.0,t,2006-02-14,2013-05-26 14:49:45.738,1.0
218,1.0,Vera,Mccoy,vera.mccoy@sakilacustomer.org,222.0,t,2006-02-14,2013-05-26 14:49:45.738,1.0
219,2.0,Willie,Howell,willie.howell@sakilacustomer.org,223.0,t,2006-02-14,2013-05-26 14:49:45.738,1.0
220,2.0,Charlene,Alvarez,charlene.alvarez@sakilacustomer.org,224.0,t,2006-02-14,2013-05-26 14:49:45.738,1.0
221,1.0,Bessie,Morrison,bessie.morrison@sakilacustomer.org,225.0,t,2006-02-14,2013-05-26 14:49:45.738,1.0
222,2.0,Delores,Hansen,delores.hansen@sakilacustomer.org,226.0,t,2006-02-14,2013-05-26 14:49:45.738,1.0
223,1.0,Melinda,Fernandez,melinda.fernandez@sakilacustomer.org,227.0,t,2006-02-14,2013-05-26 14:49:45.738,1.0
224,2.0,Pearl,Garza,pearl.garza@sakilacustomer.org,228.0,t,2006-02-14,2013-05-26 14:49:45.738,1.0
225,1.0,Arlene,Harvey,arlene.harvey@sakilacustomer.org,229.0,t,2006-02-14,2013-05-26 14:49:45.738,1.0
226,2.0,Maureen,Little,maureen.little@sakilacustomer.org,230.0,t,2006-02-14,2013-05-26 14:49:45.738,1.0
227,1.0,Colleen,Burton,colleen.burton@sakilacustomer.org,231.0,t,2006-02-14,2013-05-26 14:49:45.738,1.0
228,2.0,Allison,Stanley,allison.stanley@sakilacustomer.org,232.0,t,2006-02-14,2013-05-26 14:49:45.738,1.0
229,1.0,Tamara,Nguyen,tamara.nguyen@sakilacustomer.org,233.0,t,2006-02-14,2013-05-26 14:49:45.738,1.0
230,2.0,Joy,George,joy.george@sakilacustomer.org,234.0,t,2006-02-14,2013-05-26 14:49:45.738,1.0
231,1.0,Georgia,Jacobs,georgia.jacobs@sakilacustomer.org,235.0,t,2006-02-14,2013-05-26 14:49:45.738,1.0
232,2.0,Constance,Reid,constance.reid@sakilacustomer.org,236.0,t,2006-02-14,2013-05-26 14:49:45.738,1.0
233,2.0,Lillie,Kim,lillie.kim@sakilacustomer.org,237.0,t,2006-02-14,2013-05-26 14:49:45.738,1.0
234,1.0,Claudia,Fuller,claudia.fuller@sakilacustomer.org,238.0,t,2006-02-14,2013-05-26 14:49:45.738,1.0
235,1.0,Jackie,Lynch,jackie.lynch@sakilacustomer.org,239.0,t,2006-02-14,2013-05-26 14:49:45.738,1.0
236,1.0,Marcia,Dean,marcia.dean@sakilacustomer.org,240.0,t,2006-02-14,2013-05-26 14:49:45.738,1.0
237,1.0,Tanya,Gilbert,tanya.gilbert@sakilacustomer.org,241.0,t,2006-02-14,2013-05-26 14:49:45.738,1.0
238,1.0,Nellie,Garrett,nellie.garrett@sakilacustomer.org,242.0,t,2006-02-14,2013-05-26 14:49:45.738,1.0
239,2.0,Minnie,Romero,minnie.romero@sakilacustomer.org,243.0,t,2006-02-14,2013-05-26 14:49:45.738,1.0
240,1.0,Marlene,Welch,marlene.welch@sakilacustomer.org,244.0,t,2006-02-14,2013-05-26 14:49:45.738,1.0
241,2.0,Heidi,Larson,heidi.larson@sakilacustomer.org,245.0,t,2006-02-14,2013-05-26 14:49:45.738,0.0
242,1.0,Glenda,Frazier,glenda.frazier@sakilacustomer.org,246.0,t,2006-02-14,2013-05-26 14:49:45.738,1.0
243,1.0,Lydia,Burke,lydia.burke@sakilacustomer.org,247.0,t,2006-02-14,2013-05-26 14:49:45.738,1.0
244,2.0,Viola,Hanson,viola.hanson@sakilacustomer.org,248.0,t,2006-02-14,2013-05-26 14:49:45.738,1.0
245,1.0,Courtney,Day,courtney.day@sakilacustomer.org,249.0,t,2006-02-14,2013-05-26 14:49:45.738,1.0
246,1.0,Marian,Mendoza,marian.mendoza@sakilacustomer.org,250.0,t,2006-02-14,2013-05-26 14:49:45.738,1.0
247,1.0,Stella,Moreno,stella.moreno@sakilacustomer.org,251.0,t,2006-02-14,2013-05-26 14:49:45.738,1.0
248,1.0,Caroline,Bowman,caroline.bowman@sakilacustomer.org,252.0,t,2006-02-14,2013-05-26 14:49:45.738,1.0
249,2.0,Dora,Medina,dora.medina@sakilacustomer.org,253.0,t,2006-02-14,2013-05-26 14:49:45.738,1.0
250,2.0,Jo,Fowler,jo.fowler@sakilacustomer.org,254.0,t,2006-02-14,2013-05-26 14:49:45.738,1.0
251,2.0,Vickie,Brewer,vickie.brewer@sakilacustomer.org,255.0,t,2006-02-14,2013-05-26 14:49:45.738,1.0
252,2.0,Mattie,Hoffman,mattie.hoffman@sakilacustomer.org,256.0,t,2006-02-14,2013-05-26 14:49:45.738,1.0
253,1.0,Terry,Carlson,terry.carlson@sakilacustomer.org,258.0,t,2006-02-14,2013-05-26 14:49:45.738,1.0
254,2.0,Maxine,Silva,maxine.silva@sakilacustomer.org,259.0,t,2006-02-14,2013-05-26 14:49:45.738,1.0
255,2.0,Irma,Pearson,irma.pearson@sakilacustomer.org,260.0,t,2006-02-14,2013-05-26 14:49:45.738,1.0
256,2.0,Mabel,Holland,mabel.holland@sakilacustomer.org,261.0,t,2006-02-14,2013-05-26 14:49:45.738,1.0
257,2.0,Marsha,Douglas,marsha.douglas@sakilacustomer.org,262.0,t,2006-02-14,2013-05-26 14:49:45.738,1.0
258,1.0,Myrtle,Fleming,myrtle.fleming@sakilacustomer.org,263.0,t,2006-02-14,2013-05-26 14:49:45.738,1.0
259,2.0,Lena,Jensen,lena.jensen@sakilacustomer.org,264.0,t,2006-02-14,2013-05-26 14:49:45.738,1.0
260,1.0,Christy,Vargas,christy.vargas@sakilacustomer.org,265.0,t,2006-02-14,2013-05-26 14:49:45.738,1.0
261,1.0,Deanna,Byrd,deanna.byrd@sakilacustomer.org,266.0,t,2006-02-14,2013-05-26 14:49:45.738,1.0
262,2.0,Patsy,Davidson,patsy.davidson@sakilacustomer.org,267.0,t,2006-02-14,2013-05-26 14:49:45.738,1.0
263,1.0,Hilda,Hopkins,hilda.hopkins@sakilacustomer.org,268.0,t,2006-02-14,2013-05-26 14:49:45.738,1.0
264,1.0,Gwendolyn,May,gwendolyn.may@sakilacustomer.org,269.0,t,2006-02-14,2013-05-26 14:49:45.738,1.0
265,2.0,Jennie,Terry,jennie.terry@sakilacustomer.org,270.0,t,2006-02-14,2013-05-26 14:49:45.738,1.0
266,2.0,Nora,Herrera,nora.herrera@sakilacustomer.org,271.0,t,2006-02-14,2013-05-26 14:49:45.738,1.0
267,1.0,Margie,Wade,margie.wade@sakilacustomer.org,272.0,t,2006-02-14,2013-05-26 14:49:45.738,1.0
268,1.0,Nina,Soto,nina.soto@sakilacustomer.org,273.0,t,2006-02-14,2013-05-26 14:49:45.738,1.0
269,1.0,Cassandra,Walters,cassandra.walters@sakilacustomer.org,274.0,t,2006-02-14,2013-05-26 14:49:45.738,1.0
270,1.0,Leah,Curtis,leah.curtis@sakilacustomer.org,275.0,t,2006-02-14,2013-05-26 14:49:45.738,1.0
271,1.0,Penny,Neal,penny.neal@sakilacustomer.org,276.0,t,2006-02-14,2013-05-26 14:49:45.738,0.0
272,1.0,Kay,Caldwell,kay.caldwell@sakilacustomer.org,277.0,t,2006-02-14,2013-05-26 14:49:45.738,1.0
273,2.0,Priscilla,Lowe,priscilla.lowe@sakilacustomer.org,278.0,t,2006-02-14,2013-05-26 14:49:45.738,1.0
274,1.0,Naomi,Jennings,naomi.jennings@sakilacustomer.org,279.0,t,2006-02-14,2013-05-26 14:49:45.738,1.0
275,2.0,Carole,Barnett,carole.barnett@sakilacustomer.org,280.0,t,2006-02-14,2013-05-26 14:49:45.738,1.0
276,1.0,Brandy,Graves,brandy.graves@sakilacustomer.org,281.0,t,2006-02-14,2013-05-26 14:49:45.738,1.0
277,2.0,Olga,Jimenez,olga.jimenez@sakilacustomer.org,282.0,t,2006-02-14,2013-05-26 14:49:45.738,1.0
278,2.0,Billie,Horton,billie.horton@sakilacustomer.org,283.0,t,2006-02-14,2013-05-26 14:49:45.738,1.0
279,2.0,Dianne,Shelton,dianne.shelton@sakilacustomer.org,284.0,t,2006-02-14,2013-05-26 14:49:45.738,1.0
280,2.0,Tracey,Barrett,tracey.barrett@sakilacustomer.org,285.0,t,2006-02-14,2013-05-26 14:49:45.738,1.0
281,2.0,Leona,Obrien,leona.obrien@sakilacustomer.org,286.0,t,2006-02-14,2013-05-26 14:49:45.738,1.0
282,2.0,Jenny,Castro,jenny.castro@sakilacustomer.org,287.0,t,2006-02-14,2013-05-26 14:49:45.738,1.0
283,1.0,Felicia,Sutton,felicia.sutton@sakilacustomer.org,288.0,t,2006-02-14,2013-05-26 14:49:45.738,1.0
284,1.0,Sonia,Gregory,sonia.gregory@sakilacustomer.org,289.0,t,2006-02-14,2013-05-26 14:49:45.738,1.0
285,1.0,Miriam,Mckinney,miriam.mckinney@sakilacustomer.org,290.0,t,2006-02-14,2013-05-26 14:49:45.738,1.0
286,1.0,Velma,Lucas,velma.lucas@sakilacustomer.org,291.0,t,2006-02-14,2013-05-26 14:49:45.738,1.0
287,2.0,Becky,Miles,becky.miles@sakilacustomer.org,292.0,t,2006-02-14,2013-05-26 14:49:45.738,1.0
288,1.0,Bobbie,Craig,bobbie.craig@sakilacustomer.org,293.0,t,2006-02-14,2013-05-26 14:49:45.738,1.0
289,1.0,Violet,Rodriquez,violet.rodriquez@sakilacustomer.org,294.0,t,2006-02-14,2013-05-26 14:49:45.738,1.0
290,1.0,Kristina,Chambers,kristina.chambers@sakilacustomer.org,295.0,t,2006-02-14,2013-05-26 14:49:45.738,1.0
291,1.0,Toni,Holt,toni.holt@sakilacustomer.org,296.0,t,2006-02-14,2013-05-26 14:49:45.738,1.0
292,2.0,Misty,Lambert,misty.lambert@sakilacustomer.org,297.0,t,2006-02-14,2013-05-26 14:49:45.738,1.0
293,2.0,Mae,Fletcher,mae.fletcher@sakilacustomer.org,298.0,t,2006-02-14,2013-05-26 14:49:45.738,1.0
294,2.0,Shelly,Watts,shelly.watts@sakilacustomer.org,299.0,t,2006-02-14,2013-05-26 14:49:45.738,1.0
295,1.0,Daisy,Bates,daisy.bates@sakilacustomer.org,300.0,t,2006-02-14,2013-05-26 14:49:45.738,1.0
296,2.0,Ramona,Hale,ramona.hale@sakilacustomer.org,301.0,t,2006-02-14,2013-05-26 14:49:45.738,1.0
297,1.0,Sherri,Rhodes,sherri.rhodes@sakilacustomer.org,302.0,t,2006-02-14,2013-05-26 14:49:45.738,1.0
298,1.0,Erika,Pena,erika.pena@sakilacustomer.org,303.0,t,2006-02-14,2013-05-26 14:49:45.738,1.0
299,2.0,James,Gannon,james.gannon@sakilacustomer.org,304.0,t,2006-02-14,2013-05-26 14:49:45.738,1.0
300,1.0,John,Farnsworth,john.farnsworth@sakilacustomer.org,305.0,t,2006-02-14,2013-05-26 14:49:45.738,1.0
301,2.0,Robert,Baughman,robert.baughman@sakilacustomer.org,306.0,t,2006-02-14,2013-05-26 14:49:45.738,1.0
302,1.0,Michael,Silverman,michael.silverman@sakilacustomer.org,307.0,t,2006-02-14,2013-05-26 14:49:45.738,1.0
303,2.0,William,Satterfield,william.satterfield@sakilacustomer.org,308.0,t,2006-02-14,2013-05-26 14:49:45.738,1.0
304,2.0,David,Royal,david.royal@sakilacustomer.org,309.0,t,2006-02-14,2013-05-26 14:49:45.738,1.0
305,1.0,Richard,Mccrary,richard.mccrary@sakilacustomer.org,310.0,t,2006-02-14,2013-05-26 14:49:45.738,1.0
306,1.0,Charles,Kowalski,charles.kowalski@sakilacustomer.org,311.0,t,2006-02-14,2013-05-26 14:49:45.738,1.0
307,2.0,Joseph,Joy,joseph.joy@sakilacustomer.org,312.0,t,2006-02-14,2013-05-26 14:49:45.738,1.0
308,1.0,Thomas,Grigsby,thomas.grigsby@sakilacustomer.org,313.0,t,2006-02-14,2013-05-26 14:49:45.738,1.0
309,1.0,Christopher,Greco,christopher.greco@sakilacustomer.org,314.0,t,2006-02-14,2013-05-26 14:49:45.738,1.0
310,2.0,Daniel,Cabral,daniel.cabral@sakilacustomer.org,315.0,t,2006-02-14,2013-05-26 14:49:45.738,1.0
311,2.0,Paul,Trout,paul.trout@sakilacustomer.org,316.0,t,2006-02-14,2013-05-26 14:49:45.738,1.0
312,2.0,Mark,Rinehart,mark.rinehart@sakilacustomer.org,317.0,t,2006-02-14,2013-05-26 14:49:45.738,1.0
313,2.0,Donald,Mahon,donald.mahon@sakilacustomer.org,318.0,t,2006-02-14,2013-05-26 14:49:45.738,1.0
314,1.0,George,Linton,george.linton@sakilacustomer.org,319.0,t,2006-02-14,2013-05-26 14:49:45.738,1.0
315,2.0,Kenneth,Gooden,kenneth.gooden@sakilacustomer.org,320.0,t,2006-02-14,2013-05-26 14:49:45.738,0.0
316,1.0,Steven,Curley,steven.curley@sakilacustomer.org,321.0,t,2006-02-14,2013-05-26 14:49:45.738,1.0
317,2.0,Edward,Baugh,edward.baugh@sakilacustomer.org,322.0,t,2006-02-14,2013-05-26 14:49:45.738,1.0
318,1.0,Brian,Wyman,brian.wyman@sakilacustomer.org,323.0,t,2006-02-14,2013-05-26 14:49:45.738,1.0
319,2.0,Ronald,Weiner,ronald.weiner@sakilacustomer.org,324.0,t,2006-02-14,2013-05-26 14:49:45.738,1.0
320,2.0,Anthony,Schwab,anthony.schwab@sakilacustomer.org,325.0,t,2006-02-14,2013-05-26 14:49:45.738,1.0
321,1.0,Kevin,Schuler,kevin.schuler@sakilacustomer.org,326.0,t,2006-02-14,2013-05-26 14:49:45.738,1.0
322,1.0,Jason,Morrissey,jason.morrissey@sakilacustomer.org,327.0,t,2006-02-14,2013-05-26 14:49:45.738,1.0
323,2.0,Matthew,Mahan,matthew.mahan@sakilacustomer.org,328.0,t,2006-02-14,2013-05-26 14:49:45.738,1.0
324,2.0,Gary,Coy,gary.coy@sakilacustomer.org,329.0,t,2006-02-14,2013-05-26 14:49:45.738,1.0
325,1.0,Timothy,Bunn,timothy.bunn@sakilacustomer.org,330.0,t,2006-02-14,2013-05-26 14:49:45.738,1.0
326,1.0,Jose,Andrew,jose.andrew@sakilacustomer.org,331.0,t,2006-02-14,2013-05-26 14:49:45.738,1.0
327,2.0,Larry,Thrasher,larry.thrasher@sakilacustomer.org,332.0,t,2006-02-14,2013-05-26 14:49:45.738,1.0
328,2.0,Jeffrey,Spear,jeffrey.spear@sakilacustomer.org,333.0,t,2006-02-14,2013-05-26 14:49:45.738,1.0
329,2.0,Frank,Waggoner,frank.waggoner@sakilacustomer.org,334.0,t,2006-02-14,2013-05-26 14:49:45.738,1.0
330,1.0,Scott,Shelley,scott.shelley@sakilacustomer.org,335.0,t,2006-02-14,2013-05-26 14:49:45.738,1.0
331,1.0,Eric,Robert,eric.robert@sakilacustomer.org,336.0,t,2006-02-14,2013-05-26 14:49:45.738,1.0
332,1.0,Stephen,Qualls,stephen.qualls@sakilacustomer.org,337.0,t,2006-02-14,2013-05-26 14:49:45.738,1.0
333,2.0,Andrew,Purdy,andrew.purdy@sakilacustomer.org,338.0,t,2006-02-14,2013-05-26 14:49:45.738,1.0
334,2.0,Raymond,Mcwhorter,raymond.mcwhorter@sakilacustomer.org,339.0,t,2006-02-14,2013-05-26 14:49:45.738,1.0
335,1.0,Gregory,Mauldin,gregory.mauldin@sakilacustomer.org,340.0,t,2006-02-14,2013-05-26 14:49:45.738,1.0
336,1.0,Joshua,Mark,joshua.mark@sakilacustomer.org,341.0,t,2006-02-14,2013-05-26 14:49:45.738,1.0
337,1.0,Jerry,Jordon,jerry.jordon@sakilacustomer.org,342.0,t,2006-02-14,2013-05-26 14:49:45.738,1.0
338,1.0,Dennis,Gilman,dennis.gilman@sakilacustomer.org,343.0,t,2006-02-14,2013-05-26 14:49:45.738,1.0
339,2.0,Walter,Perryman,walter.perryman@sakilacustomer.org,344.0,t,2006-02-14,2013-05-26 14:49:45.738,1.0
340,1.0,Patrick,Newsom,patrick.newsom@sakilacustomer.org,345.0,t,2006-02-14,2013-05-26 14:49:45.738,1.0
341,1.0,Peter,Menard,peter.menard@sakilacustomer.org,346.0,t,2006-02-14,2013-05-26 14:49:45.738,1.0
342,1.0,Harold,Martino,harold.martino@sakilacustomer.org,347.0,t,2006-02-14,2013-05-26 14:49:45.738,1.0
343,1.0,Douglas,Graf,douglas.graf@sakilacustomer.org,348.0,t,2006-02-14,2013-05-26 14:49:45.738,1.0
344,1.0,Henry,Billingsley,henry.billingsley@sakilacustomer.org,349.0,t,2006-02-14,2013-05-26 14:49:45.738,1.0
345,1.0,Carl,Artis,carl.artis@sakilacustomer.org,350.0,t,2006-02-14,2013-05-26 14:49:45.738,1.0
346,1.0,Arthur,Simpkins,arthur.simpkins@sakilacustomer.org,351.0,t,2006-02-14,2013-05-26 14:49:45.738,1.0
347,2.0,Ryan,Salisbury,ryan.salisbury@sakilacustomer.org,352.0,t,2006-02-14,2013-05-26 14:49:45.738,1.0
348,2.0,Roger,Quintanilla,roger.quintanilla@sakilacustomer.org,353.0,t,2006-02-14,2013-05-26 14:49:45.738,1.0
349,2.0,Joe,Gilliland,joe.gilliland@sakilacustomer.org,354.0,t,2006-02-14,2013-05-26 14:49:45.738,1.0
350,1.0,Juan,Fraley,juan.fraley@sakilacustomer.org,355.0,t,2006-02-14,2013-05-26 14:49:45.738,1.0
351,1.0,Jack,Foust,jack.foust@sakilacustomer.org,356.0,t,2006-02-14,2013-05-26 14:49:45.738,1.0
352,1.0,Albert,Crouse,albert.crouse@sakilacustomer.org,357.0,t,2006-02-14,2013-05-26 14:49:45.738,1.0
353,1.0,Jonathan,Scarborough,jonathan.scarborough@sakilacustomer.org,358.0,t,2006-02-14,2013-05-26 14:49:45.738,1.0
354,2.0,Justin,Ngo,justin.ngo@sakilacustomer.org,359.0,t,2006-02-14,2013-05-26 14:49:45.738,1.0
355,2.0,Terry,Grissom,terry.grissom@sakilacustomer.org,360.0,t,2006-02-14,2013-05-26 14:49:45.738,1.0
356,2.0,Gerald,Fultz,gerald.fultz@sakilacustomer.org,361.0,t,2006-02-14,2013-05-26 14:49:45.738,1.0
357,1.0,Keith,Rico,keith.rico@sakilacustomer.org,362.0,t,2006-02-14,2013-05-26 14:49:45.738,1.0
358,2.0,Samuel,Marlow,samuel.marlow@sakilacustomer.org,363.0,t,2006-02-14,2013-05-26 14:49:45.738,1.0
359,2.0,Willie,Markham,willie.markham@sakilacustomer.org,364.0,t,2006-02-14,2013-05-26 14:49:45.738,1.0
360,2.0,Ralph,Madrigal,ralph.madrigal@sakilacustomer.org,365.0,t,2006-02-14,2013-05-26 14:49:45.738,1.0
361,2.0,Lawrence,Lawton,lawrence.lawton@sakilacustomer.org,366.0,t,2006-02-14,2013-05-26 14:49:45.738,1.0
362,1.0,Nicholas,Barfield,nicholas.barfield@sakilacustomer.org,367.0,t,2006-02-14,2013-05-26 14:49:45.738,1.0
363,2.0,Roy,Whiting,roy.whiting@sakilacustomer.org,368.0,t,2006-02-14,2013-05-26 14:49:45.738,1.0
364,1.0,Benjamin,Varney,benjamin.varney@sakilacustomer.org,369.0,t,2006-02-14,2013-05-26 14:49:45.738,1.0
365,2.0,Bruce,Schwarz,bruce.schwarz@sakilacustomer.org,370.0,t,2006-02-14,2013-05-26 14:49:45.738,1.0
366,1.0,Brandon,Huey,brandon.huey@sakilacustomer.org,371.0,t,2006-02-14,2013-05-26 14:49:45.738,1.0
367,1.0,Adam,Gooch,adam.gooch@sakilacustomer.org,372.0,t,2006-02-14,2013-05-26 14:49:45.738,1.0
368,1.0,Harry,Arce,harry.arce@sakilacustomer.org,373.0,t,2006-02-14,2013-05-26 14:49:45.738,0.0
369,2.0,Fred,Wheat,fred.wheat@sakilacustomer.org,374.0,t,2006-02-14,2013-05-26 14:49:45.738,1.0
370,2.0,Wayne,Truong,wayne.truong@sakilacustomer.org,375.0,t,2006-02-14,2013-05-26 14:49:45.738,1.0
371,1.0,Billy,Poulin,billy.poulin@sakilacustomer.org,376.0,t,2006-02-14,2013-05-26 14:49:45.738,1.0
372,2.0,Steve,Mackenzie,steve.mackenzie@sakilacustomer.org,377.0,t,2006-02-14,2013-05-26 14:49:45.738,1.0
373,1.0,Louis,Leone,louis.leone@sakilacustomer.org,378.0,t,2006-02-14,2013-05-26 14:49:45.738,1.0
374,2.0,Jeremy,Hurtado,jeremy.hurtado@sakilacustomer.org,379.0,t,2006-02-14,2013-05-26 14:49:45.738,1.0
375,2.0,Aaron,Selby,aaron.selby@sakilacustomer.org,380.0,t,2006-02-14,2013-05-26 14:49:45.738,1.0
376,1.0,Randy,Gaither,randy.gaither@sakilacustomer.org,381.0,t,2006-02-14,2013-05-26 14:49:45.738,1.0
377,1.0,Howard,Fortner,howard.fortner@sakilacustomer.org,382.0,t,2006-02-14,2013-05-26 14:49:45.738,1.0
378,1.0,Eugene,Culpepper,eugene.culpepper@sakilacustomer.org,383.0,t,2006-02-14,2013-05-26 14:49:45.738,1.0
379,1.0,Carlos,Coughlin,carlos.coughlin@sakilacustomer.org,384.0,t,2006-02-14,2013-05-26 14:49:45.738,1.0
380,1.0,Russell,Brinson,russell.brinson@sakilacustomer.org,385.0,t,2006-02-14,2013-05-26 14:49:45.738,1.0
381,2.0,Bobby,Boudreau,bobby.boudreau@sakilacustomer.org,386.0,t,2006-02-14,2013-05-26 14:49:45.738,1.0
382,2.0,Victor,Barkley,victor.barkley@sakilacustomer.org,387.0,t,2006-02-14,2013-05-26 14:49:45.738,1.0
383,1.0,Martin,Bales,martin.bales@sakilacustomer.org,388.0,t,2006-02-14,2013-05-26 14:49:45.738,1.0
384,2.0,Ernest,Stepp,ernest.stepp@sakilacustomer.org,389.0,t,2006-02-14,2013-05-26 14:49:45.738,1.0
385,1.0,Phillip,Holm,phillip.holm@sakilacustomer.org,390.0,t,2006-02-14,2013-05-26 14:49:45.738,1.0
386,1.0,Todd,Tan,todd.tan@sakilacustomer.org,391.0,t,2006-02-14,2013-05-26 14:49:45.738,1.0
387,2.0,Jesse,Schilling,jesse.schilling@sakilacustomer.org,392.0,t,2006-02-14,2013-05-26 14:49:45.738,1.0
388,2.0,Craig,Morrell,craig.morrell@sakilacustomer.org,393.0,t,2006-02-14,2013-05-26 14:49:45.738,1.0
389,1.0,Alan,Kahn,alan.kahn@sakilacustomer.org,394.0,t,2006-02-14,2013-05-26 14:49:45.738,1.0
390,1.0,Shawn,Heaton,shawn.heaton@sakilacustomer.org,395.0,t,2006-02-14,2013-05-26 14:49:45.738,1.0
391,1.0,Clarence,Gamez,clarence.gamez@sakilacustomer.org,396.0,t,2006-02-14,2013-05-26 14:49:45.738,1.0
392,2.0,Sean,Douglass,sean.douglass@sakilacustomer.org,397.0,t,2006-02-14,2013-05-26 14:49:45.738,1.0
393,1.0,Philip,Causey,philip.causey@sakilacustomer.org,398.0,t,2006-02-14,2013-05-26 14:49:45.738,1.0
394,2.0,Chris,Brothers,chris.brothers@sakilacustomer.org,399.0,t,2006-02-14,2013-05-26 14:49:45.738,1.0
395,2.0,Johnny,Turpin,johnny.turpin@sakilacustomer.org,400.0,t,2006-02-14,2013-05-26 14:49:45.738,1.0
396,1.0,Earl,Shanks,earl.shanks@sakilacustomer.org,401.0,t,2006-02-14,2013-05-26 14:49:45.738,1.0
397,1.0,Jimmy,Schrader,jimmy.schrader@sakilacustomer.org,402.0,t,2006-02-14,2013-05-26 14:49:45.738,1.0
398,1.0,Antonio,Meek,antonio.meek@sakilacustomer.org,403.0,t,2006-02-14,2013-05-26 14:49:45.738,1.0
399,1.0,Danny,Isom,danny.isom@sakilacustomer.org,404.0,t,2006-02-14,2013-05-26 14:49:45.738,1.0
400,2.0,Bryan,Hardison,bryan.hardison@sakilacustomer.org,405.0,t,2006-02-14,2013-05-26 14:49:45.738,1.0
401,2.0,Tony,Carranza,tony.carranza@sakilacustomer.org,406.0,t,2006-02-14,2013-05-26 14:49:45.738,1.0
402,1.0,Luis,Yanez,luis.yanez@sakilacustomer.org,407.0,t,2006-02-14,2013-05-26 14:49:45.738,1.0
403,1.0,Mike,Way,mike.way@sakilacustomer.org,408.0,t,2006-02-14,2013-05-26 14:49:45.738,1.0
404,2.0,Stanley,Scroggins,stanley.scroggins@sakilacustomer.org,409.0,t,2006-02-14,2013-05-26 14:49:45.738,1.0
405,1.0,Leonard,Schofield,leonard.schofield@sakilacustomer.org,410.0,t,2006-02-14,2013-05-26 14:49:45.738,1.0
406,1.0,Nathan,Runyon,nathan.runyon@sakilacustomer.org,411.0,t,2006-02-14,2013-05-26 14:49:45.738,0.0
407,1.0,Dale,Ratcliff,dale.ratcliff@sakilacustomer.org,412.0,t,2006-02-14,2013-05-26 14:49:45.738,1.0
408,1.0,Manuel,Murrell,manuel.murrell@sakilacustomer.org,413.0,t,2006-02-14,2013-05-26 14:49:45.738,1.0
409,2.0,Rodney,Moeller,rodney.moeller@sakilacustomer.org,414.0,t,2006-02-14,2013-05-26 14:49:45.738,1.0
410,2.0,Curtis,Irby,curtis.irby@sakilacustomer.org,415.0,t,2006-02-14,2013-05-26 14:49:45.738,1.0
411,1.0,Norman,Currier,norman.currier@sakilacustomer.org,416.0,t,2006-02-14,2013-05-26 14:49:45.738,1.0
412,2.0,Allen,Butterfield,allen.butterfield@sakilacustomer.org,417.0,t,2006-02-14,2013-05-26 14:49:45.738,1.0
413,2.0,Marvin,Yee,marvin.yee@sakilacustomer.org,418.0,t,2006-02-14,2013-05-26 14:49:45.738,1.0
414,1.0,Vincent,Ralston,vincent.ralston@sakilacustomer.org,419.0,t,2006-02-14,2013-05-26 14:49:45.738,1.0
415,1.0,Glenn,Pullen,glenn.pullen@sakilacustomer.org,420.0,t,2006-02-14,2013-05-26 14:49:45.738,1.0
416,2.0,Jeffery,Pinson,jeffery.pinson@sakilacustomer.org,421.0,t,2006-02-14,2013-05-26 14:49:45.738,1.0
417,1.0,Travis,Estep,travis.estep@sakilacustomer.org,422.0,t,2006-02-14,2013-05-26 14:49:45.738,1.0
418,2.0,Jeff,East,jeff.east@sakilacustomer.org,423.0,t,2006-02-14,2013-05-26 14:49:45.738,1.0
419,1.0,Chad,Carbone,chad.carbone@sakilacustomer.org,424.0,t,2006-02-14,2013-05-26 14:49:45.738,1.0
420,1.0,Jacob,Lance,jacob.lance@sakilacustomer.org,425.0,t,2006-02-14,2013-05-26 14:49:45.738,1.0
421,1.0,Lee,Hawks,lee.hawks@sakilacustomer.org,426.0,t,2006-02-14,2013-05-26 14:49:45.738,1.0
422,1.0,Melvin,Ellington,melvin.ellington@sakilacustomer.org,427.0,t,2006-02-14,2013-05-26 14:49:45.738,1.0
423,2.0,Alfred,Casillas,alfred.casillas@sakilacustomer.org,428.0,t,2006-02-14,2013-05-26 14:49:45.738,1.0
424,2.0,Kyle,Spurlock,kyle.spurlock@sakilacustomer.org,429.0,t,2006-02-14,2013-05-26 14:49:45.738,1.0
425,2.0,Francis,Sikes,francis.sikes@sakilacustomer.org,430.0,t,2006-02-14,2013-05-26 14:49:45.738,1.0
426,1.0,Bradley,Motley,bradley.motley@sakilacustomer.org,431.0,t,2006-02-14,2013-05-26 14:49:45.738,1.0
427,2.0,Jesus,Mccartney,jesus.mccartney@sakilacustomer.org,432.0,t,2006-02-14,2013-05-26 14:49:45.738,1.0
428,2.0,Herbert,Kruger,herbert.kruger@sakilacustomer.org,433.0,t,2006-02-14,2013-05-26 14:49:45.738,1.0
429,2.0,Frederick,Isbell,frederick.isbell@sakilacustomer.org,434.0,t,2006-02-14,2013-05-26 14:49:45.738,1.0
430,1.0,Ray,Houle,ray.houle@sakilacustomer.org,435.0,t,2006-02-14,2013-05-26 14:49:45.738,1.0
431,2.0,Joel,Francisco,joel.francisco@sakilacustomer.org,436.0,t,2006-02-14,2013-05-26 14:49:45.738,1.0
432,1.0,Edwin,Burk,edwin.burk@sakilacustomer.org,437.0,t,2006-02-14,2013-05-26 14:49:45.738,1.0
433,1.0,Don,Bone,don.bone@sakilacustomer.org,438.0,t,2006-02-14,2013-05-26 14:49:45.738,1.0
434,1.0,Eddie,Tomlin,eddie.tomlin@sakilacustomer.org,439.0,t,2006-02-14,2013-05-26 14:49:45.738,1.0
435,2.0,Ricky,Shelby,ricky.shelby@sakilacustomer.org,440.0,t,2006-02-14,2013-05-26 14:49:45.738,1.0
436,1.0,Troy,Quigley,troy.quigley@sakilacustomer.org,441.0,t,2006-02-14,2013-05-26 14:49:45.738,1.0
437,2.0,Randall,Neumann,randall.neumann@sakilacustomer.org,442.0,t,2006-02-14,2013-05-26 14:49:45.738,1.0
438,1.0,Barry,Lovelace,barry.lovelace@sakilacustomer.org,443.0,t,2006-02-14,2013-05-26 14:49:45.738,1.0
439,2.0,Alexander,Fennell,alexander.fennell@sakilacustomer.org,444.0,t,2006-02-14,2013-05-26 14:49:45.738,1.0
440,1.0,Bernard,Colby,bernard.colby@sakilacustomer.org,445.0,t,2006-02-14,2013-05-26 14:49:45.738,1.0
441,1.0,Mario,Cheatham,mario.cheatham@sakilacustomer.org,446.0,t,2006-02-14,2013-05-26 14:49:45.738,1.0
442,1.0,Leroy,Bustamante,leroy.bustamante@sakilacustomer.org,447.0,t,2006-02-14,2013-05-26 14:49:45.738,1.0
443,2.0,Francisco,Skidmore,francisco.skidmore@sakilacustomer.org,448.0,t,2006-02-14,2013-05-26 14:49:45.738,1.0
444,2.0,Marcus,Hidalgo,marcus.hidalgo@sakilacustomer.org,449.0,t,2006-02-14,2013-05-26 14:49:45.738,1.0
445,1.0,Micheal,Forman,micheal.forman@sakilacustomer.org,450.0,t,2006-02-14,2013-05-26 14:49:45.738,1.0
446,2.0,Theodore,Culp,theodore.culp@sakilacustomer.org,451.0,t,2006-02-14,2013-05-26 14:49:45.738,0.0
447,1.0,Clifford,Bowens,clifford.bowens@sakilacustomer.org,452.0,t,2006-02-14,2013-05-26 14:49:45.738,1.0
448,1.0,Miguel,Betancourt,miguel.betancourt@sakilacustomer.org,453.0,t,2006-02-14,2013-05-26 14:49:45.738,1.0
449,2.0,Oscar,Aquino,oscar.aquino@sakilacustomer.org,454.0,t,2006-02-14,2013-05-26 14:49:45.738,1.0
450,1.0,Jay,Robb,jay.robb@sakilacustomer.org,455.0,t,2006-02-14,2013-05-26 14:49:45.738,1.0
451,1.0,Jim,Rea,jim.rea@sakilacustomer.org,456.0,t,2006-02-14,2013-05-26 14:49:45.738,1.0
452,1.0,Tom,Milner,tom.milner@sakilacustomer.org,457.0,t,2006-02-14,2013-05-26 14:49:45.738,1.0
453,1.0,Calvin,Martel,calvin.martel@sakilacustomer.org,458.0,t,2006-02-14,2013-05-26 14:49:45.738,1.0
454,2.0,Alex,Gresham,alex.gresham@sakilacustomer.org,459.0,t,2006-02-14,2013-05-26 14:49:45.738,1.0
455,2.0,Jon,Wiles,jon.wiles@sakilacustomer.org,460.0,t,2006-02-14,2013-05-26 14:49:45.738,1.0
456,2.0,Ronnie,Ricketts,ronnie.ricketts@sakilacustomer.org,461.0,t,2006-02-14,2013-05-26 14:49:45.738,1.0
457,2.0,Bill,Gavin,bill.gavin@sakilacustomer.org,462.0,t,2006-02-14,2013-05-26 14:49:45.738,1.0
458,1.0,Lloyd,Dowd,lloyd.dowd@sakilacustomer.org,463.0,t,2006-02-14,2013-05-26 14:49:45.738,1.0
459,1.0,Tommy,Collazo,tommy.collazo@sakilacustomer.org,464.0,t,2006-02-14,2013-05-26 14:49:45.738,1.0
460,1.0,Leon,Bostic,leon.bostic@sakilacustomer.org,465.0,t,2006-02-14,2013-05-26 14:49:45.738,1.0
461,1.0,Derek,Blakely,derek.blakely@sakilacustomer.org,466.0,t,2006-02-14,2013-05-26 14:49:45.738,1.0
462,2.0,Warren,Sherrod,warren.sherrod@sakilacustomer.org,467.0,t,2006-02-14,2013-05-26 14:49:45.738,1.0
463,2.0,Darrell,Power,darrell.power@sakilacustomer.org,468.0,t,2006-02-14,2013-05-26 14:49:45.738,1.0
464,1.0,Jerome,Kenyon,jerome.kenyon@sakilacustomer.org,469.0,t,2006-02-14,2013-05-26 14:49:45.738,1.0
465,1.0,Floyd,Gandy,floyd.gandy@sakilacustomer.org,470.0,t,2006-02-14,2013-05-26 14:49:45.738,1.0
466,1.0,Leo,Ebert,leo.ebert@sakilacustomer.org,471.0,t,2006-02-14,2013-05-26 14:49:45.738,1.0
467,2.0,Alvin,Deloach,alvin.deloach@sakilacustomer.org,472.0,t,2006-02-14,2013-05-26 14:49:45.738,1.0
468,1.0,Tim,Cary,tim.cary@sakilacustomer.org,473.0,t,2006-02-14,2013-05-26 14:49:45.738,1.0
469,2.0,Wesley,Bull,wesley.bull@sakilacustomer.org,474.0,t,2006-02-14,2013-05-26 14:49:45.738,1.0
470,1.0,Gordon,Allard,gordon.allard@sakilacustomer.org,475.0,t,2006-02-14,2013-05-26 14:49:45.738,1.0
471,1.0,Dean,Sauer,dean.sauer@sakilacustomer.org,476.0,t,2006-02-14,2013-05-26 14:49:45.738,1.0
472,1.0,Greg,Robins,greg.robins@sakilacustomer.org,477.0,t,2006-02-14,2013-05-26 14:49:45.738,1.0
473,2.0,Jorge,Olivares,jorge.olivares@sakilacustomer.org,478.0,t,2006-02-14,2013-05-26 14:49:45.738,1.0
474,2.0,Dustin,Gillette,dustin.gillette@sakilacustomer.org,479.0,t,2006-02-14,2013-05-26 14:49:45.738,1.0
475,2.0,Pedro,Chestnut,pedro.chestnut@sakilacustomer.org,480.0,t,2006-02-14,2013-05-26 14:49:45.738,1.0
476,1.0,Derrick,Bourque,derrick.bourque@sakilacustomer.org,481.0,t,2006-02-14,2013-05-26 14:49:45.738,1.0
477,1.0,Dan,Paine,dan.paine@sakilacustomer.org,482.0,t,2006-02-14,2013-05-26 14:49:45.738,1.0
478,1.0,Lewis,Lyman,lewis.lyman@sakilacustomer.org,483.0,t,2006-02-14,2013-05-26 14:49:45.738,1.0
479,1.0,Zachary,Hite,zachary.hite@sakilacustomer.org,484.0,t,2006-02-14,2013-05-26 14:49:45.738,1.0
480,1.0,Corey,Hauser,corey.hauser@sakilacustomer.org,485.0,t,2006-02-14,2013-05-26 14:49:45.738,1.0
481,1.0,Herman,Devore,herman.devore@sakilacustomer.org,486.0,t,2006-02-14,2013-05-26 14:49:45.738,1.0
482,1.0,Maurice,Crawley,maurice.crawley@sakilacustomer.org,487.0,t,2006-02-14,2013-05-26 14:49:45.738,0.0
483,2.0,Vernon,Chapa,vernon.chapa@sakilacustomer.org,488.0,t,2006-02-14,2013-05-26 14:49:45.738,1.0
484,1.0,Roberto,Vu,roberto.vu@sakilacustomer.org,489.0,t,2006-02-14,2013-05-26 14:49:45.738,1.0
485,1.0,Clyde,Tobias,clyde.tobias@sakilacustomer.org,490.0,t,2006-02-14,2013-05-26 14:49:45.738,1.0
486,1.0,Glen,Talbert,glen.talbert@sakilacustomer.org,491.0,t,2006-02-14,2013-05-26 14:49:45.738,1.0
487,2.0,Hector,Poindexter,hector.poindexter@sakilacustomer.org,492.0,t,2006-02-14,2013-05-26 14:49:45.738,1.0
488,2.0,Shane,Millard,shane.millard@sakilacustomer.org,493.0,t,2006-02-14,2013-05-26 14:49:45.738,1.0
489,1.0,Ricardo,Meador,ricardo.meador@sakilacustomer.org,494.0,t,2006-02-14,2013-05-26 14:49:45.738,1.0
490,1.0,Sam,Mcduffie,sam.mcduffie@sakilacustomer.org,495.0,t,2006-02-14,2013-05-26 14:49:45.738,1.0
491,2.0,Rick,Mattox,rick.mattox@sakilacustomer.org,496.0,t,2006-02-14,2013-05-26 14:49:45.738,1.0
492,2.0,Lester,Kraus,lester.kraus@sakilacustomer.org,497.0,t,2006-02-14,2013-05-26 14:49:45.738,1.0
493,1.0,Brent,Harkins,brent.harkins@sakilacustomer.org,498.0,t,2006-02-14,2013-05-26 14:49:45.738,1.0
494,2.0,Ramon,Choate,ramon.choate@sakilacustomer.org,499.0,t,2006-02-14,2013-05-26 14:49:45.738,1.0
495,2.0,Charlie,Bess,charlie.bess@sakilacustomer.org,500.0,t,2006-02-14,2013-05-26 14:49:45.738,1.0
496,2.0,Tyler,Wren,tyler.wren@sakilacustomer.org,501.0,t,2006-02-14,2013-05-26 14:49:45.738,1.0
497,2.0,Gilbert,Sledge,gilbert.sledge@sakilacustomer.org,502.0,t,2006-02-14,2013-05-26 14:49:45.738,1.0
498,1.0,Gene,Sanborn,gene.sanborn@sakilacustomer.org,503.0,t,2006-02-14,2013-05-26 14:49:45.738,1.0
499,2.0,Marc,Outlaw,marc.outlaw@sakilacustomer.org,504.0,t,2006-02-14,2013-05-26 14:49:45.738,1.0
500,1.0,Reginald,Kinder,reginald.kinder@sakilacustomer.org,505.0,t,2006-02-14,2013-05-26 14:49:45.738,1.0
501,1.0,Ruben,Geary,ruben.geary@sakilacustomer.org,506.0,t,2006-02-14,2013-05-26 14:49:45.738,1.0
502,1.0,Brett,Cornwell,brett.cornwell@sakilacustomer.org,507.0,t,2006-02-14,2013-05-26 14:49:45.738,1.0
503,1.0,Angel,Barclay,angel.barclay@sakilacustomer.org,508.0,t,2006-02-14,2013-05-26 14:49:45.738,1.0
504,1.0,Nathaniel,Adam,nathaniel.adam@sakilacustomer.org,509.0,t,2006-02-14,2013-05-26 14:49:45.738,1.0
505,1.0,Rafael,Abney,rafael.abney@sakilacustomer.org,510.0,t,2006-02-14,2013-05-26 14:49:45.738,1.0
506,2.0,Leslie,Seward,leslie.seward@sakilacustomer.org,511.0,t,2006-02-14,2013-05-26 14:49:45.738,1.0
507,2.0,Edgar,Rhoads,edgar.rhoads@sakilacustomer.org,512.0,t,2006-02-14,2013-05-26 14:49:45.738,1.0
508,2.0,Milton,Howland,milton.howland@sakilacustomer.org,513.0,t,2006-02-14,2013-05-26 14:49:45.738,1.0
509,1.0,Raul,Fortier,raul.fortier@sakilacustomer.org,514.0,t,2006-02-14,2013-05-26 14:49:45.738,1.0
510,2.0,Ben,Easter,ben.easter@sakilacustomer.org,515.0,t,2006-02-14,2013-05-26 14:49:45.738,0.0
511,1.0,Chester,Benner,chester.benner@sakilacustomer.org,516.0,t,2006-02-14,2013-05-26 14:49:45.738,1.0
512,1.0,Cecil,Vines,cecil.vines@sakilacustomer.org,517.0,t,2006-02-14,2013-05-26 14:49:45.738,1.0
513,2.0,Duane,Tubbs,duane.tubbs@sakilacustomer.org,519.0,t,2006-02-14,2013-05-26 14:49:45.738,1.0
514,2.0,Franklin,Troutman,franklin.troutman@sakilacustomer.org,520.0,t,2006-02-14,2013-05-26 14:49:45.738,1.0
515,1.0,Andre,Rapp,andre.rapp@sakilacustomer.org,521.0,t,2006-02-14,2013-05-26 14:49:45.738,1.0
516,2.0,Elmer,Noe,elmer.noe@sakilacustomer.org,522.0,t,2006-02-14,2013-05-26 14:49:45.738,1.0
517,2.0,Brad,Mccurdy,brad.mccurdy@sakilacustomer.org,523.0,t,2006-02-14,2013-05-26 14:49:45.738,1.0
518,1.0,Gabriel,Harder,gabriel.harder@sakilacustomer.org,524.0,t,2006-02-14,2013-05-26 14:49:45.738,1.0
519,2.0,Ron,Deluca,ron.deluca@sakilacustomer.org,525.0,t,2006-02-14,2013-05-26 14:49:45.738,1.0
520,2.0,Mitchell,Westmoreland,mitchell.westmoreland@sakilacustomer.org,526.0,t,2006-02-14,2013-05-26 14:49:45.738,1.0
521,2.0,Roland,South,roland.south@sakilacustomer.org,527.0,t,2006-02-14,2013-05-26 14:49:45.738,1.0
522,2.0,Arnold,Havens,arnold.havens@sakilacustomer.org,528.0,t,2006-02-14,2013-05-26 14:49:45.738,1.0
523,1.0,Harvey,Guajardo,harvey.guajardo@sakilacustomer.org,529.0,t,2006-02-14,2013-05-26 14:49:45.738,1.0
525,2.0,Adrian,Clary,adrian.clary@sakilacustomer.org,531.0,t,2006-02-14,2013-05-26 14:49:45.738,1.0
526,2.0,Karl,Seal,karl.seal@sakilacustomer.org,532.0,t,2006-02-14,2013-05-26 14:49:45.738,1.0
527,1.0,Cory,Meehan,cory.meehan@sakilacustomer.org,533.0,t,2006-02-14,2013-05-26 14:49:45.738,1.0
528,1.0,Claude,Herzog,claude.herzog@sakilacustomer.org,534.0,t,2006-02-14,2013-05-26 14:49:45.738,1.0
529,2.0,Erik,Guillen,erik.guillen@sakilacustomer.org,535.0,t,2006-02-14,2013-05-26 14:49:45.738,1.0
530,2.0,Darryl,Ashcraft,darryl.ashcraft@sakilacustomer.org,536.0,t,2006-02-14,2013-05-26 14:49:45.738,1.0
531,2.0,Jamie,Waugh,jamie.waugh@sakilacustomer.org,537.0,t,2006-02-14,2013-05-26 14:49:45.738,1.0
532,2.0,Neil,Renner,neil.renner@sakilacustomer.org,538.0,t,2006-02-14,2013-05-26 14:49:45.738,1.0
533,1.0,Jessie,Milam,jessie.milam@sakilacustomer.org,539.0,t,2006-02-14,2013-05-26 14:49:45.738,1.0
534,1.0,Christian,Jung,christian.jung@sakilacustomer.org,540.0,t,2006-02-14,2013-05-26 14:49:45.738,0.0
535,1.0,Javier,Elrod,javier.elrod@sakilacustomer.org,541.0,t,2006-02-14,2013-05-26 14:49:45.738,1.0
536,2.0,Fernando,Churchill,fernando.churchill@sakilacustomer.org,542.0,t,2006-02-14,2013-05-26 14:49:45.738,1.0
537,2.0,Clinton,Buford,clinton.buford@sakilacustomer.org,543.0,t,2006-02-14,2013-05-26 14:49:45.738,1.0
538,2.0,Ted,Breaux,ted.breaux@sakilacustomer.org,544.0,t,2006-02-14,2013-05-26 14:49:45.738,1.0
539,1.0,Mathew,Bolin,mathew.bolin@sakilacustomer.org,545.0,t,2006-02-14,2013-05-26 14:49:45.738,1.0
540,1.0,Tyrone,Asher,tyrone.asher@sakilacustomer.org,546.0,t,2006-02-14,2013-05-26 14:49:45.738,1.0
541,2.0,Darren,Windham,darren.windham@sakilacustomer.org,547.0,t,2006-02-14,2013-05-26 14:49:45.738,1.0
542,2.0,Lonnie,Tirado,lonnie.tirado@sakilacustomer.org,548.0,t,2006-02-14,2013-05-26 14:49:45.738,1.0
543,1.0,Lance,Pemberton,lance.pemberton@sakilacustomer.org,549.0,t,2006-02-14,2013-05-26 14:49:45.738,1.0
544,2.0,Cody,Nolen,cody.nolen@sakilacustomer.org,550.0,t,2006-02-14,2013-05-26 14:49:45.738,1.0
545,2.0,Julio,Noland,julio.noland@sakilacustomer.org,551.0,t,2006-02-14,2013-05-26 14:49:45.738,1.0
546,1.0,Kelly,Knott,kelly.knott@sakilacustomer.org,552.0,t,2006-02-14,2013-05-26 14:49:45.738,1.0
547,1.0,Kurt,Emmons,kurt.emmons@sakilacustomer.org,553.0,t,2006-02-14,2013-05-26 14:49:45.738,1.0
548,1.0,Allan,Cornish,allan.cornish@sakilacustomer.org,554.0,t,2006-02-14,2013-05-26 14:49:45.738,1.0
549,1.0,Nelson,Christenson,nelson.christenson@sakilacustomer.org,555.0,t,2006-02-14,2013-05-26 14:49:45.738,1.0
550,2.0,Guy,Brownlee,guy.brownlee@sakilacustomer.org,556.0,t,2006-02-14,2013-05-26 14:49:45.738,1.0
551,2.0,Clayton,Barbee,clayton.barbee@sakilacustomer.org,557.0,t,2006-02-14,2013-05-26 14:49:45.738,1.0
552,2.0,Hugh,Waldrop,hugh.waldrop@sakilacustomer.org,558.0,t,2006-02-14,2013-05-26 14:49:45.738,1.0
553,1.0,Max,Pitt,max.pitt@sakilacustomer.org,559.0,t,2006-02-14,2013-05-26 14:49:45.738,1.0
554,1.0,Dwayne,Olvera,dwayne.olvera@sakilacustomer.org,560.0,t,2006-02-14,2013-05-26 14:49:45.738,1.0
555,1.0,Dwight,Lombardi,dwight.lombardi@sakilacustomer.org,561.0,t,2006-02-14,2013-05-26 14:49:45.738,1.0
556,2.0,Armando,Gruber,armando.gruber@sakilacustomer.org,562.0,t,2006-02-14,2013-05-26 14:49:45.738,1.0
557,1.0,Felix,Gaffney,felix.gaffney@sakilacustomer.org,563.0,t,2006-02-14,2013-05-26 14:49:45.738,1.0
558,1.0,Jimmie,Eggleston,jimmie.eggleston@sakilacustomer.org,564.0,t,2006-02-14,2013-05-26 14:49:45.738,0.0
559,2.0,Everett,Banda,everett.banda@sakilacustomer.org,565.0,t,2006-02-14,2013-05-26 14:49:45.738,1.0
560,1.0,Jordan,Archuleta,jordan.archuleta@sakilacustomer.org,566.0,t,2006-02-14,2013-05-26 14:49:45.738,1.0
561,2.0,Ian,Still,ian.still@sakilacustomer.org,567.0,t,2006-02-14,2013-05-26 14:49:45.738,1.0
562,1.0,Wallace,Slone,wallace.slone@sakilacustomer.org,568.0,t,2006-02-14,2013-05-26 14:49:45.738,1.0
563,2.0,Ken,Prewitt,ken.prewitt@sakilacustomer.org,569.0,t,2006-02-14,2013-05-26 14:49:45.738,1.0
564,2.0,Bob,Pfeiffer,bob.pfeiffer@sakilacustomer.org,570.0,t,2006-02-14,2013-05-26 14:49:45.738,1.0
565,2.0,Jaime,Nettles,jaime.nettles@sakilacustomer.org,571.0,t,2006-02-14,2013-05-26 14:49:45.738,1.0
566,1.0,Casey,Mena,casey.mena@sakilacustomer.org,572.0,t,2006-02-14,2013-05-26 14:49:45.738,1.0
567,2.0,Alfredo,Mcadams,alfredo.mcadams@sakilacustomer.org,573.0,t,2006-02-14,2013-05-26 14:49:45.738,1.0
568,2.0,Alberto,Henning,alberto.henning@sakilacustomer.org,574.0,t,2006-02-14,2013-05-26 14:49:45.738,1.0
569,2.0,Dave,Gardiner,dave.gardiner@sakilacustomer.org,575.0,t,2006-02-14,2013-05-26 14:49:45.738,1.0
570,2.0,Ivan,Cromwell,ivan.cromwell@sakilacustomer.org,576.0,t,2006-02-14,2013-05-26 14:49:45.738,1.0
571,2.0,Johnnie,Chisholm,johnnie.chisholm@sakilacustomer.org,577.0,t,2006-02-14,2013-05-26 14:49:45.738,1.0
572,1.0,Sidney,Burleson,sidney.burleson@sakilacustomer.org,578.0,t,2006-02-14,2013-05-26 14:49:45.738,1.0
573,1.0,Byron,Box,byron.box@sakilacustomer.org,579.0,t,2006-02-14,2013-05-26 14:49:45.738,1.0
574,2.0,Julian,Vest,julian.vest@sakilacustomer.org,580.0,t,2006-02-14,2013-05-26 14:49:45.738,1.0
575,2.0,Isaac,Oglesby,isaac.oglesby@sakilacustomer.org,581.0,t,2006-02-14,2013-05-26 14:49:45.738,1.0
576,2.0,Morris,Mccarter,morris.mccarter@sakilacustomer.org,582.0,t,2006-02-14,2013-05-26 14:49:45.738,1.0
577,2.0,Clifton,Malcolm,clifton.malcolm@sakilacustomer.org,583.0,t,2006-02-14,2013-05-26 14:49:45.738,1.0
578,2.0,Willard,Lumpkin,willard.lumpkin@sakilacustomer.org,584.0,t,2006-02-14,2013-05-26 14:49:45.738,1.0
579,2.0,Daryl,Larue,daryl.larue@sakilacustomer.org,585.0,t,2006-02-14,2013-05-26 14:49:45.738,1.0
580,1.0,Ross,Grey,ross.grey@sakilacustomer.org,586.0,t,2006-02-14,2013-05-26 14:49:45.738,1.0
581,1.0,Virgil,Wofford,virgil.wofford@sakilacustomer.org,587.0,t,2006-02-14,2013-05-26 14:49:45.738,1.0
582,2.0,Andy,Vanhorn,andy.vanhorn@sakilacustomer.org,588.0,t,2006-02-14,2013-05-26 14:49:45.738,1.0
583,1.0,Marshall,Thorn,marshall.thorn@sakilacustomer.org,589.0,t,2006-02-14,2013-05-26 14:49:45.738,1.0
584,2.0,Salvador,Teel,salvador.teel@sakilacustomer.org,590.0,t,2006-02-14,2013-05-26 14:49:45.738,1.0
585,1.0,Perry,Swafford,perry.swafford@sakilacustomer.org,591.0,t,2006-02-14,2013-05-26 14:49:45.738,1.0
586,1.0,Kirk,Stclair,kirk.stclair@sakilacustomer.org,592.0,t,2006-02-14,2013-05-26 14:49:45.738,1.0
587,1.0,Sergio,Stanfield,sergio.stanfield@sakilacustomer.org,593.0,t,2006-02-14,2013-05-26 14:49:45.738,1.0
588,1.0,Marion,Ocampo,marion.ocampo@sakilacustomer.org,594.0,t,2006-02-14,2013-05-26 14:49:45.738,1.0
589,1.0,Tracy,Herrmann,tracy.herrmann@sakilacustomer.org,595.0,t,2006-02-14,2013-05-26 14:49:45.738,1.0
590,2.0,Seth,Hannon,seth.hannon@sakilacustomer.org,596.0,t,2006-02-14,2013-05-26 14:49:45.738,1.0
591,1.0,Kent,Arsenault,kent.arsenault@sakilacustomer.org,597.0,t,2006-02-14,2013-05-26 14:49:45.738,1.0
592,1.0,Terrance,Roush,terrance.roush@sakilacustomer.org,598.0,t,2006-02-14,2013-05-26 14:49:45.738,0.0
593,2.0,Rene,Mcalister,rene.mcalister@sakilacustomer.org,599.0,t,2006-02-14,2013-05-26 14:49:45.738,1.0
594,1.0,Eduardo,Hiatt,eduardo.hiatt@sakilacustomer.org,600.0,t,2006-02-14,2013-05-26 14:49:45.738,1.0
595,1.0,Terrence,Gunderson,terrence.gunderson@sakilacustomer.org,601.0,t,2006-02-14,2013-05-26 14:49:45.738,1.0
596,1.0,Enrique,Forsythe,enrique.forsythe@sakilacustomer.org,602.0,t,2006-02-14,2013-05-26 14:49:45.738,1.0
597,1.0,Freddie,Duggan,freddie.duggan@sakilacustomer.org,603.0,t,2006-02-14,2013-05-26 14:49:45.738,1.0
598,1.0,Wade,Delvalle,wade.delvalle@sakilacustomer.org,604.0,t,2006-02-14,2013-05-26 14:49:45.738,1.0
599,2.0,Austin,Cintron,austin.cintron@sakilacustomer.org,605.0,t,2006-02-14,2013-05-26 14:49:45.738,1.0
